{
  "spell_id": 14,
  "manual": {
    "start": 0.3040448749995267,
    "stop": 0.6070558594798989
  },
  "beep_duration": 0.08,
  "beep_end": 0.1240448749995267,
  "enabled": true,
  "signal_file": "10047/model_input/spells/14/exemplars/1506708544704.wav"
}