{
  "spell_id": 14,
  "manual": {
    "start": 0.5753373333347553,
    "stop": 0.9253373333347553
  },
  "beep_duration": 0.08,
  "beep_end": 0.1253373333347554,
  "enabled": true,
  "signal_file": "10047/model_input/spells/14/exemplars/1507729588198.wav"
}