{
  "spell_id": 14,
  "manual": {
    "start": 0.9555249166642897,
    "stop": 1.3255249166642897
  },
  "beep_duration": 0.08,
  "beep_end": 0.1255249166642898,
  "enabled": true,
  "signal_file": "10047/model_input/spells/14/exemplars/1507124444407.wav"
}