{
  "spell_id": 14,
  "manual": {
    "start": 0.5058700416656211,
    "stop": 0.8840191125493857
  },
  "beep_duration": 0.08,
  "beep_end": 0.1258700416656211,
  "enabled": true,
  "signal_file": "10047/model_input/spells/14/exemplars/1507124431897.wav"
}