{
  "spell_id": 20,
  "manual": {
    "start": 0.6359796249994543,
    "stop": 2.0817573438792136
  },
  "beep_duration": 0.08,
  "beep_end": 0.11597962499945424,
  "enabled": true,
  "signal_file": "10047/model_input/spells/20/exemplars/1511966218235.wav"
}