{
  "spell_id": 20,
  "manual": {
    "start": 0.7270941272225402,
    "stop": 1.9376869737692584
  },
  "beep_duration": 0.08,
  "beep_end": 0.12310412499937229,
  "enabled": true,
  "signal_file": "10047/model_input/spells/20/exemplars/1511878169791.wav"
}