{
  "spell_id": 20,
  "manual": {
    "start": 0.596447106591858,
    "stop": 2.0979562499999997
  },
  "beep_duration": 0.08,
  "beep_end": 0.126789166679373,
  "enabled": true,
  "signal_file": "10047/model_input/spells/20/exemplars/1511966237996.wav"
}