{
  "spell_id": 20,
  "manual": {
    "start": 0.6545211666682735,
    "stop": 2.016427526080923
  },
  "beep_duration": 0.08,
  "beep_end": 0.12452116666827351,
  "enabled": true,
  "signal_file": "10047/model_input/spells/20/exemplars/1513780823113.wav"
}