{
  "spell_id": 20,
  "manual": {
    "start": 1.0468600416369735,
    "stop": 2.4933280182601085
  },
  "beep_duration": 0.08,
  "beep_end": 0.12686004163697362,
  "enabled": true,
  "signal_file": "10047/model_input/spells/20/exemplars/1513780854235.wav"
}