{
  "spell_id": 18,
  "manual": {
    "start": 0.46378191665629853,
    "stop": 1.409826801900116
  },
  "beep_duration": 0.08,
  "beep_end": 0.12378191665629856,
  "enabled": true,
  "signal_file": "10047/model_input/spells/18/exemplars/1511966234548.wav"
}