{
  "spell_id": 18,
  "manual": {
    "start": 0.5398093142708795,
    "stop": 1.400765867982707
  },
  "beep_duration": 0.08,
  "beep_end": 0.12573308334685862,
  "enabled": true,
  "signal_file": "10047/model_input/spells/18/exemplars/1511966265580.wav"
}