{
  "spell_id": 18,
  "manual": {
    "start": 0.9057322500168811,
    "stop": 1.8988914887902721
  },
  "beep_duration": 0.08,
  "beep_end": 0.12573225001688115,
  "enabled": true,
  "signal_file": "10047/model_input/spells/18/exemplars/1511878120948.wav"
}