{
  "spell_id": 15,
  "manual": {
    "start": 0.6737844166680588,
    "stop": 1.9637844166680587
  },
  "beep_duration": 0.08,
  "beep_end": 0.1237844166680588,
  "enabled": true,
  "signal_file": "10047/model_input/spells/15/exemplars/1507036626904.wav"
}