{
  "spell_id": 15,
  "manual": {
    "start": 0.5868031250000001,
    "stop": 1.7914028409090907
  },
  "beep_duration": 0.08,
  "beep_end": 0.1257371666688414,
  "enabled": true,
  "signal_file": "10047/model_input/spells/15/exemplars/1507729584292.wav"
}