{
  "spell_id": 15,
  "manual": {
    "start": 0.7637316761363636,
    "stop": 2.515630184659091
  },
  "beep_duration": 0.08,
  "beep_end": 0.124294249995728,
  "enabled": true,
  "signal_file": "10047/model_input/spells/15/exemplars/1507036598617.wav"
}