{
  "spell_id": 3,
  "manual": {
    "start": 0.6587253175333002,
    "stop": 1.9550769583339207
  },
  "beep_duration": 0.08,
  "beep_end": 0.1250769583339206,
  "enabled": true,
  "signal_file": "10047/model_input/spells/3/exemplars/1499806497728.wav"
}