{
  "spell_id": 3,
  "manual": {
    "start": 1.3432451500000726,
    "stop": 2.9294367911958075
  },
  "beep_duration": 0.08,
  "beep_end": 0.1332452500000727,
  "enabled": true,
  "signal_file": "10047/model_input/spells/3/exemplars/1499807911766.wav"
}