{
  "spell_id": 3,
  "manual": {
    "start": 0.7730252083335017,
    "stop": 1.8830252083335017
  },
  "beep_duration": 0.08,
  "beep_end": 0.1230252083335017,
  "enabled": true,
  "signal_file": "10047/model_input/spells/3/exemplars/1499777931622.wav"
}