{
  "spell_id": 3,
  "manual": {
    "start": 0.642242124999957,
    "stop": 1.8637853708697336
  },
  "beep_duration": 0.08,
  "beep_end": 0.122242124999957,
  "enabled": true,
  "signal_file": "10047/model_input/spells/3/exemplars/1499777991870.wav"
}