{
  "spell_id": 3,
  "manual": {
    "start": 0.8284008154017402,
    "stop": 2.3231869674887884
  },
  "beep_duration": 0.08,
  "beep_end": 0.1321506666663481,
  "enabled": true,
  "signal_file": "10047/model_input/spells/3/exemplars/1499807087904.wav"
}