{
  "spell_id": 3,
  "manual": {
    "start": 1.0923862499993993,
    "stop": 2.5223862499993994
  },
  "beep_duration": 0.08,
  "beep_end": 0.1323862499993993,
  "enabled": true,
  "signal_file": "10047/model_input/spells/3/exemplars/1499806732089.wav"
}