{
  "spell_id": 3,
  "manual": {
    "start": 0.6914118749996851,
    "stop": 2.008909749762866
  },
  "beep_duration": 0.08,
  "beep_end": 0.1314118749996851,
  "enabled": true,
  "signal_file": "10047/model_input/spells/3/exemplars/1499806785794.wav"
}