{
  "spell_id": 3,
  "manual": {
    "start": 1.404727541666507,
    "stop": 2.764727541666507
  },
  "beep_duration": 0.08,
  "beep_end": 0.134727541666507,
  "enabled": true,
  "signal_file": "10047/model_input/spells/3/exemplars/1499778379728.wav"
}