{
  "spell_id": 3,
  "manual": {
    "start": 0.6468230031058748,
    "stop": 1.9976675104802997
  },
  "beep_duration": 0.08,
  "beep_end": 0.1182165000000168,
  "enabled": true,
  "signal_file": "10047/model_input/spells/3/exemplars/1499806837766.wav"
}