{
  "spell_id": 3,
  "manual": {
    "start": 0.5723418441704036,
    "stop": 1.8631402186098658
  },
  "beep_duration": 0.08,
  "beep_end": 0.125714166666512,
  "enabled": true,
  "signal_file": "10047/model_input/spells/3/exemplars/1499807838511.wav"
}