{
  "spell_id": 3,
  "manual": {
    "start": 1.1014010930493272,
    "stop": 2.4605530853257807
  },
  "beep_duration": 0.08,
  "beep_end": 0.1260557916666585,
  "enabled": true,
  "signal_file": "10047/model_input/spells/3/exemplars/1499778457883.wav"
}