{
  "spell_id": 3,
  "manual": {
    "start": 0.5602679583313874,
    "stop": 2.1294949863898385
  },
  "beep_duration": 0.08,
  "beep_end": 0.1302679583313875,
  "enabled": true,
  "signal_file": "10047/model_input/spells/3/exemplars/1500238316567.wav"
}