{
  "spell_id": 3,
  "manual": {
    "start": 1.443061058329006,
    "stop": 2.683060958329006
  },
  "beep_duration": 0.08,
  "beep_end": 0.1230609583290061,
  "enabled": true,
  "signal_file": "10047/model_input/spells/3/exemplars/1500681832125.wav"
}