{
  "spell_id": 3,
  "manual": {
    "start": 0.6735097533632287,
    "stop": 2.118235762331839
  },
  "beep_duration": 0.08,
  "beep_end": 0.132783750003,
  "enabled": true,
  "signal_file": "10047/model_input/spells/3/exemplars/1500238287566.wav"
}