{
  "spell_id": 3,
  "manual": {
    "start": 0.6072879997268522,
    "stop": 1.7852610833325888
  },
  "beep_duration": 0.08,
  "beep_end": 0.1252610833325889,
  "enabled": true,
  "signal_file": "10047/model_input/spells/3/exemplars/1500681866883.wav"
}