{
  "spell_id": 3,
  "manual": {
    "start": 0.7038366249983664,
    "stop": 1.9538366249983665
  },
  "beep_duration": 0.08,
  "beep_end": 0.1338366249983665,
  "enabled": true,
  "signal_file": "10047/model_input/spells/3/exemplars/1500382646121.wav"
}