{
  "spell_id": 3,
  "manual": {
    "start": 0.5835772916625137,
    "stop": 1.8735772916625137
  },
  "beep_duration": 0.08,
  "beep_end": 0.1235772916625137,
  "enabled": true,
  "signal_file": "10047/model_input/spells/3/exemplars/1500682201639.wav"
}