{
  "spell_id": 3,
  "manual": {
    "start": 0.46973304596313686,
    "stop": 1.62921119338649
  },
  "beep_duration": 0.08,
  "beep_end": 0.1255299583353917,
  "enabled": true,
  "signal_file": "10047/model_input/spells/3/exemplars/1500682008079.wav"
}