{
  "spell_id": 3,
  "manual": {
    "start": 0.6461196250015928,
    "stop": 1.9161196250015926
  },
  "beep_duration": 0.08,
  "beep_end": 0.1261196250015928,
  "enabled": true,
  "signal_file": "10047/model_input/spells/3/exemplars/1501458389255.wav"
}