{
  "spell_id": 3,
  "manual": {
    "start": 0.8568137916667911,
    "stop": 2.0768137916667913
  },
  "beep_duration": 0.08,
  "beep_end": 0.1268137916667911,
  "enabled": true,
  "signal_file": "10047/model_input/spells/3/exemplars/1501458217604.wav"
}