{
  "spell_id": 3,
  "manual": {
    "start": 0.5314543750013399,
    "stop": 1.7213232287477445
  },
  "beep_duration": 0.08,
  "beep_end": 0.1314543750013399,
  "enabled": true,
  "signal_file": "10047/model_input/spells/3/exemplars/1501458363334.wav"
}