{
  "spell_id": 3,
  "manual": {
    "start": 0.7384453776996468,
    "stop": 1.9745614067952677
  },
  "beep_duration": 0.08,
  "beep_end": 0.1254316250124248,
  "enabled": true,
  "signal_file": "10047/model_input/spells/3/exemplars/1505222096462.wav"
}