{
  "spell_id": 3,
  "manual": {
    "start": 0.5736942500108853,
    "stop": 1.8536942500108853
  },
  "beep_duration": 0.08,
  "beep_end": 0.1236942500108853,
  "enabled": true,
  "signal_file": "10047/model_input/spells/3/exemplars/1505914794931.wav"
}