{
  "spell_id": 3,
  "manual": {
    "start": 0.6131892916548531,
    "stop": 2.1762029680973805
  },
  "beep_duration": 0.08,
  "beep_end": 0.1231892916548532,
  "enabled": true,
  "signal_file": "10047/model_input/spells/3/exemplars/1506520004579.wav"
}