{
  "spell_id": 2,
  "manual": {
    "start": 0.5819490833336749,
    "stop": 2.041949083333675
  },
  "beep_duration": 0.08,
  "beep_end": 0.1219490833336749,
  "enabled": true,
  "signal_file": "10047/model_input/spells/2/exemplars/1499807795938.wav"
}