{
  "spell_id": 2,
  "manual": {
    "start": 0.5110789583330916,
    "stop": 1.9217887383489947
  },
  "beep_duration": 0.08,
  "beep_end": 0.1310789583330916,
  "enabled": true,
  "signal_file": "10047/model_input/spells/2/exemplars/1499806513281.wav"
}