{
  "spell_id": 2,
  "manual": {
    "start": 0.6832459698872502,
    "stop": 2.055820123318386
  },
  "beep_duration": 0.08,
  "beep_end": 0.1315643749994706,
  "enabled": true,
  "signal_file": "10047/model_input/spells/2/exemplars/1499806775918.wav"
}