{
  "spell_id": 2,
  "manual": {
    "start": 0.47506051008968614,
    "stop": 1.7965649103139016
  },
  "beep_duration": 0.08,
  "beep_end": 0.1258292916663777,
  "enabled": true,
  "signal_file": "10047/model_input/spells/2/exemplars/1499807887013.wav"
}