{
  "spell_id": 2,
  "manual": {
    "start": 0.6755707399103138,
    "stop": 2.2666287152456968
  },
  "beep_duration": 0.08,
  "beep_end": 0.1311653333332288,
  "enabled": true,
  "signal_file": "10047/model_input/spells/2/exemplars/1499806931759.wav"
}