{
  "spell_id": 2,
  "manual": {
    "start": 1.0462925416667714,
    "stop": 2.2740703194445486
  },
  "beep_duration": 0.08,
  "beep_end": 0.1262925416667713,
  "enabled": true,
  "signal_file": "10047/model_input/spells/2/exemplars/1499806719705.wav"
}