{
  "spell_id": 2,
  "manual": {
    "start": 0.8476179583335397,
    "stop": 2.0484559986001516
  },
  "beep_duration": 0.08,
  "beep_end": 0.1176179583335397,
  "enabled": true,
  "signal_file": "10047/model_input/spells/2/exemplars/1499806311230.wav"
}