{
  "spell_id": 2,
  "manual": {
    "start": 0.6711864999997852,
    "stop": 1.8409127420117415
  },
  "beep_duration": 0.08,
  "beep_end": 0.1311864999997852,
  "enabled": true,
  "signal_file": "10047/model_input/spells/2/exemplars/1499806545327.wav"
}