{
  "spell_id": 2,
  "manual": {
    "start": 0.5530124999999589,
    "stop": 1.6203660942515123
  },
  "beep_duration": 0.08,
  "beep_end": 0.1230124999999589,
  "enabled": true,
  "signal_file": "10047/model_input/spells/2/exemplars/1499777987786.wav"
}