{
  "spell_id": 2,
  "manual": {
    "start": 0.5840810000001511,
    "stop": 1.632195988564119
  },
  "beep_duration": 0.08,
  "beep_end": 0.1340810000001511,
  "enabled": true,
  "signal_file": "10047/model_input/spells/2/exemplars/1499778276409.wav"
}