{
  "spell_id": 2,
  "manual": {
    "start": 0.9619081666670172,
    "stop": 2.278264872428252
  },
  "beep_duration": 0.08,
  "beep_end": 0.1319081666670172,
  "enabled": true,
  "signal_file": "10047/model_input/spells/2/exemplars/1499807852237.wav"
}