{
  "spell_id": 2,
  "manual": {
    "start": 1.2044040166667698,
    "stop": 2.2244039166667697
  },
  "beep_duration": 0.08,
  "beep_end": 0.1344039166667699,
  "enabled": true,
  "signal_file": "10047/model_input/spells/2/exemplars/1499777965528.wav"
}