{
  "spell_id": 2,
  "manual": {
    "start": 0.4755476666665345,
    "stop": 1.2063319526753105
  },
  "beep_duration": 0.08,
  "beep_end": 0.1255476666665345,
  "enabled": true,
  "signal_file": "10047/model_input/spells/2/exemplars/1499777923365.wav"
}