{
  "spell_id": 2,
  "manual": {
    "start": 3.929268547024215,
    "stop": 5.071556458332634
  },
  "beep_duration": 0.08,
  "beep_end": 0.1215564583326341,
  "enabled": true,
  "signal_file": "10047/model_input/spells/2/exemplars/1500682024626.wav"
}