{
  "spell_id": 2,
  "manual": {
    "start": 0.8889832916663727,
    "stop": 2.1089832916663727
  },
  "beep_duration": 0.08,
  "beep_end": 0.1289832916663727,
  "enabled": true,
  "signal_file": "10047/model_input/spells/2/exemplars/1500417842834.wav"
}