{
  "spell_id": 2,
  "manual": {
    "start": 2.244823166661372,
    "stop": 3.544823166661372
  },
  "beep_duration": 0.08,
  "beep_end": 0.1248231666613719,
  "enabled": true,
  "signal_file": "10047/model_input/spells/2/exemplars/1500682145939.wav"
}