{
  "spell_id": 2,
  "manual": {
    "start": 1.0244533333322032,
    "stop": 2.588209629066413
  },
  "beep_duration": 0.08,
  "beep_end": 0.1344533333322033,
  "enabled": true,
  "signal_file": "10047/model_input/spells/2/exemplars/1500681855245.wav"
}