{
  "spell_id": 2,
  "manual": {
    "start": 1.163813541665877,
    "stop": 2.1402497796531357
  },
  "beep_duration": 0.08,
  "beep_end": 0.113813541665877,
  "enabled": true,
  "signal_file": "10047/model_input/spells/2/exemplars/1500382399715.wav"
}