{
  "spell_id": 2,
  "manual": {
    "start": 0.7657448150224215,
    "stop": 2.2148830482033977
  },
  "beep_duration": 0.08,
  "beep_end": 0.1154661250002391,
  "enabled": true,
  "signal_file": "10047/model_input/spells/2/exemplars/1500238241295.wav"
}