{
  "spell_id": 2,
  "manual": {
    "start": 0.6545553333355929,
    "stop": 1.9273946104605846
  },
  "beep_duration": 0.08,
  "beep_end": 0.1245553333355929,
  "enabled": true,
  "signal_file": "10047/model_input/spells/2/exemplars/1501457546884.wav"
}