{
  "spell_id": 2,
  "manual": {
    "start": 0.381720375000441,
    "stop": 1.505585223681616
  },
  "beep_duration": 0.08,
  "beep_end": 0.131720375000441,
  "enabled": true,
  "signal_file": "10047/model_input/spells/2/exemplars/1501458367610.wav"
}