{
  "spell_id": 2,
  "manual": {
    "start": 1.3318757916649338,
    "stop": 2.5318757916649335
  },
  "beep_duration": 0.08,
  "beep_end": 0.1218757916649338,
  "enabled": true,
  "signal_file": "10047/model_input/spells/2/exemplars/1505914812023.wav"
}