{
  "spell_id": 2,
  "manual": {
    "start": 0.6282105416664854,
    "stop": 1.9982105416664853
  },
  "beep_duration": 0.08,
  "beep_end": 0.1182105416664854,
  "enabled": true,
  "signal_file": "10047/model_input/spells/2/exemplars/1505914762900.wav"
}