{
  "spell_id": 5,
  "manual": {
    "start": 0.6225639293721974,
    "stop": 1.7969762892376677
  },
  "beep_duration": 0.08,
  "beep_end": 0.123566166666933,
  "enabled": true,
  "signal_file": "10047/model_input/spells/5/exemplars/1499807866225.wav"
}