{
  "spell_id": 5,
  "manual": {
    "start": 1.0210332083335196,
    "stop": 1.9410332083335198
  },
  "beep_duration": 0.08,
  "beep_end": 0.1310332083335197,
  "enabled": true,
  "signal_file": "10047/model_input/spells/5/exemplars/1499778369198.wav"
}