{
  "spell_id": 5,
  "manual": {
    "start": 0.6638573333337081,
    "stop": 1.6502995396534654
  },
  "beep_duration": 0.08,
  "beep_end": 0.1338573333337081,
  "enabled": true,
  "signal_file": "10047/model_input/spells/5/exemplars/1499778428458.wav"
}