{
  "spell_id": 5,
  "manual": {
    "start": 0.5848427500001981,
    "stop": 1.404842750000198
  },
  "beep_duration": 0.08,
  "beep_end": 0.1248427500001981,
  "enabled": true,
  "signal_file": "10047/model_input/spells/5/exemplars/1499777943446.wav"
}