{
  "spell_id": 5,
  "manual": {
    "start": 0.6782343890134529,
    "stop": 1.7126696188340804
  },
  "beep_duration": 0.08,
  "beep_end": 0.1266825000002427,
  "enabled": true,
  "signal_file": "10047/model_input/spells/5/exemplars/1499806540661.wav"
}