{
  "spell_id": 5,
  "manual": {
    "start": 0.6399997083333437,
    "stop": 1.508906600383093
  },
  "beep_duration": 0.08,
  "beep_end": 0.1299997083333437,
  "enabled": true,
  "signal_file": "10047/model_input/spells/5/exemplars/1499806463645.wav"
}