{
  "spell_id": 5,
  "manual": {
    "start": 2.034428791666778,
    "stop": 2.764428791666778
  },
  "beep_duration": 0.08,
  "beep_end": 0.1344287916667781,
  "enabled": true,
  "signal_file": "10047/model_input/spells/5/exemplars/1499778311964.wav"
}