{
  "spell_id": 5,
  "manual": {
    "start": 0.6009758333336503,
    "stop": 1.4909758333336505
  },
  "beep_duration": 0.08,
  "beep_end": 0.1309758333336504,
  "enabled": true,
  "signal_file": "10047/model_input/spells/5/exemplars/1499806504064.wav"
}