{
  "spell_id": 5,
  "manual": {
    "start": 0.5403155000000515,
    "stop": 1.3803155000000515
  },
  "beep_duration": 0.08,
  "beep_end": 0.1303155000000515,
  "enabled": true,
  "signal_file": "10047/model_input/spells/5/exemplars/1499778000447.wav"
}