{
  "spell_id": 5,
  "manual": {
    "start": 1.0299142500001834,
    "stop": 2.1499142500001835
  },
  "beep_duration": 0.08,
  "beep_end": 0.1299142500001835,
  "enabled": true,
  "signal_file": "10047/model_input/spells/5/exemplars/1499806750107.wav"
}