{
  "spell_id": 5,
  "manual": {
    "start": 0.7457152916668929,
    "stop": 1.7557152916668928
  },
  "beep_duration": 0.08,
  "beep_end": 0.1257152916668929,
  "enabled": true,
  "signal_file": "10047/model_input/spells/5/exemplars/1499807004185.wav"
}