{
  "spell_id": 5,
  "manual": {
    "start": 0.1638382083340548,
    "stop": 1.8706353381448833
  },
  "beep_duration": 0.08,
  "beep_end": 0.1338382083340548,
  "enabled": true,
  "signal_file": "10047/model_input/spells/5/exemplars/1500682156603.wav"
}