{
  "spell_id": 5,
  "manual": {
    "start": 0.8359880000018165,
    "stop": 1.8859880000018165
  },
  "beep_duration": 0.08,
  "beep_end": 0.1359880000018165,
  "enabled": true,
  "signal_file": "10047/model_input/spells/5/exemplars/1500681877987.wav"
}