{
  "spell_id": 5,
  "manual": {
    "start": 0.9511199166666484,
    "stop": 1.8811199166666484
  },
  "beep_duration": 0.08,
  "beep_end": 0.1311199166666484,
  "enabled": true,
  "signal_file": "10047/model_input/spells/5/exemplars/1500681841811.wav"
}