{
  "spell_id": 5,
  "manual": {
    "start": 0.5898331666657759,
    "stop": 1.359833166665776
  },
  "beep_duration": 0.08,
  "beep_end": 0.1298331666657759,
  "enabled": true,
  "signal_file": "10047/model_input/spells/5/exemplars/1500382690146.wav"
}