{
  "spell_id": 5,
  "manual": {
    "start": 1.5413126250024651,
    "stop": 2.471312625002465
  },
  "beep_duration": 0.08,
  "beep_end": 0.1313126250024652,
  "enabled": true,
  "signal_file": "10047/model_input/spells/5/exemplars/1500238330915.wav"
}