{
  "spell_id": 5,
  "manual": {
    "start": 1.3312748749987804,
    "stop": 2.0712748749987804
  },
  "beep_duration": 0.08,
  "beep_end": 0.1312748749987804,
  "enabled": true,
  "signal_file": "10047/model_input/spells/5/exemplars/1500682251298.wav"
}