{
  "spell_id": 5,
  "manual": {
    "start": 1.179885333335551,
    "stop": 2.359885333335551
  },
  "beep_duration": 0.08,
  "beep_end": 0.129885333335551,
  "enabled": true,
  "signal_file": "10047/model_input/spells/5/exemplars/1500681998602.wav"
}