{
  "spell_id": 5,
  "manual": {
    "start": 0.6996739481397833,
    "stop": 1.3726548749982612
  },
  "beep_duration": 0.08,
  "beep_end": 0.1226548749982612,
  "enabled": true,
  "signal_file": "10047/model_input/spells/5/exemplars/1500417810754.wav"
}