{
  "spell_id": 5,
  "manual": {
    "start": 0.6936762083337817,
    "stop": 1.3736762083337817
  },
  "beep_duration": 0.08,
  "beep_end": 0.1336762083337817,
  "enabled": true,
  "signal_file": "10047/model_input/spells/5/exemplars/1500382638832.wav"
}