{
  "spell_id": 5,
  "manual": {
    "start": 0.7254838749991903,
    "stop": 1.7008918910194515
  },
  "beep_duration": 0.08,
  "beep_end": 0.1254838749991904,
  "enabled": true,
  "signal_file": "10047/model_input/spells/5/exemplars/1500240597883.wav"
}