{
  "spell_id": 5,
  "manual": {
    "start": 0.4029854583325505,
    "stop": 1.2229854583325503
  },
  "beep_duration": 0.08,
  "beep_end": 0.1229854583325505,
  "enabled": true,
  "signal_file": "10047/model_input/spells/5/exemplars/1501458810383.wav"
}