{
  "spell_id": 5,
  "manual": {
    "start": 0.4995862500010116,
    "stop": 1.3195862500010116
  },
  "beep_duration": 0.08,
  "beep_end": 0.1295862500010116,
  "enabled": true,
  "signal_file": "10047/model_input/spells/5/exemplars/1501458884652.wav"
}