{
  "spell_id": 5,
  "manual": {
    "start": 0.6564812083318248,
    "stop": 1.4064812083318248
  },
  "beep_duration": 0.08,
  "beep_end": 0.1264812083318247,
  "enabled": true,
  "signal_file": "10047/model_input/spells/5/exemplars/1501458833531.wav"
}