{
  "spell_id": 5,
  "manual": {
    "start": 0.2748101666642469,
    "stop": 1.0348101666642469
  },
  "beep_duration": 0.08,
  "beep_end": 0.1248101666642469,
  "enabled": true,
  "signal_file": "10047/model_input/spells/5/exemplars/1501458755421.wav"
}