{
  "spell_id": 5,
  "manual": {
    "start": 0.28634837500081634,
    "stop": 1.0563483750008162
  },
  "beep_duration": 0.08,
  "beep_end": 0.1263483750008163,
  "enabled": true,
  "signal_file": "10047/model_input/spells/5/exemplars/1501458722020.wav"
}