{
  "spell_id": 5,
  "manual": {
    "start": 0.6032825833430979,
    "stop": 1.323282583343098
  },
  "beep_duration": 0.08,
  "beep_end": 0.1232825833430979,
  "enabled": true,
  "signal_file": "10047/model_input/spells/5/exemplars/1506520048197.wav"
}