{
  "spell_id": 5,
  "manual": {
    "start": 0.6859216250036843,
    "stop": 1.7348809362895263
  },
  "beep_duration": 0.08,
  "beep_end": 0.1259216250036843,
  "enabled": true,
  "signal_file": "10047/model_input/spells/5/exemplars/1506520078096.wav"
}