{
  "spell_id": 12,
  "manual": {
    "start": 0.4248126666650933,
    "stop": 1.374258730805035
  },
  "beep_duration": 0.08,
  "beep_end": 0.1248126666650933,
  "enabled": true,
  "signal_file": "10047/model_input/spells/12/exemplars/1506708512426.wav"
}