{
  "spell_id": 12,
  "manual": {
    "start": 0.5944240000014542,
    "stop": 1.6119990508009947
  },
  "beep_duration": 0.08,
  "beep_end": 0.1244240000014543,
  "enabled": true,
  "signal_file": "10047/model_input/spells/12/exemplars/1506708526530.wav"
}