{
  "spell_id": 12,
  "manual": {
    "start": 0.6456904166637105,
    "stop": 1.8299081037385403
  },
  "beep_duration": 0.08,
  "beep_end": 0.1156904166637105,
  "enabled": true,
  "signal_file": "10047/model_input/spells/12/exemplars/1507124417065.wav"
}