{
  "spell_id": 12,
  "manual": {
    "start": 0.6493359375,
    "stop": 1.7179687499999998
  },
  "beep_duration": 0.08,
  "beep_end": 0.1228068333366537,
  "enabled": true,
  "signal_file": "10047/model_input/spells/12/exemplars/1507124429823.wav"
}