{
  "spell_id": 12,
  "manual": {
    "start": 1.9658777499970164,
    "stop": 2.7558777499970164
  },
  "beep_duration": 0.08,
  "beep_end": 0.1258777499970165,
  "enabled": true,
  "signal_file": "10047/model_input/spells/12/exemplars/1507036624023.wav"
}