{
  "spell_id": 12,
  "manual": {
    "start": 0.7641087916330435,
    "stop": 1.7413939601035626
  },
  "beep_duration": 0.08,
  "beep_end": 0.11410879163304344,
  "enabled": true,
  "signal_file": "10047/model_input/spells/12/exemplars/1513780851048.wav"
}