{
  "spell_id": 12,
  "manual": {
    "start": 0.7950827083713374,
    "stop": 1.7654914900179826
  },
  "beep_duration": 0.08,
  "beep_end": 0.1250827083713375,
  "enabled": true,
  "signal_file": "10047/model_input/spells/12/exemplars/1513780837006.wav"
}