{
  "spell_id": 16,
  "manual": {
    "start": 0.7660684999870137,
    "stop": 2.246050359397444
  },
  "beep_duration": 0.08,
  "beep_end": 0.12606849998701364,
  "enabled": true,
  "signal_file": "10047/model_input/spells/16/exemplars/1511966228489.wav"
}