{
  "spell_id": 13,
  "manual": {
    "start": 0.5413433238636364,
    "stop": 1.0403639204545456
  },
  "beep_duration": 0.08,
  "beep_end": 0.1253199999991921,
  "enabled": true,
  "signal_file": "10047/model_input/spells/13/exemplars/1506708515272.wav"
}