{
  "spell_id": 13,
  "manual": {
    "start": 0.6162152916679042,
    "stop": 1.3999321099969675
  },
  "beep_duration": 0.08,
  "beep_end": 0.1262152916679042,
  "enabled": true,
  "signal_file": "10047/model_input/spells/13/exemplars/1506708541758.wav"
}