{
  "spell_id": 13,
  "manual": {
    "start": 0.786907528409091,
    "stop": 1.72755
  },
  "beep_duration": 0.08,
  "beep_end": 0.1355547916646174,
  "enabled": true,
  "signal_file": "10047/model_input/spells/13/exemplars/1507729561144.wav"
}