{
  "spell_id": 13,
  "manual": {
    "start": 0.6401988636363636,
    "stop": 1.2581194602272727
  },
  "beep_duration": 0.08,
  "beep_end": 0.1306130416669475,
  "enabled": true,
  "signal_file": "10047/model_input/spells/13/exemplars/1507729574118.wav"
}