{
  "spell_id": 13,
  "manual": {
    "start": 0.6873113636363636,
    "stop": 1.3248670454545455
  },
  "beep_duration": 0.08,
  "beep_end": 0.122231000001193,
  "enabled": true,
  "signal_file": "10047/model_input/spells/13/exemplars/1507729586243.wav"
}