{
  "spell_id": 13,
  "manual": {
    "start": 0.5802276249989518,
    "stop": 1.4736825238416058
  },
  "beep_duration": 0.08,
  "beep_end": 0.1302276249989518,
  "enabled": true,
  "signal_file": "10047/model_input/spells/13/exemplars/1507124424509.wav"
}