{
  "spell_id": 13,
  "manual": {
    "start": 0.6066532916706637,
    "stop": 1.2624434380322387
  },
  "beep_duration": 0.08,
  "beep_end": 0.1266532916706637,
  "enabled": true,
  "signal_file": "10047/model_input/spells/13/exemplars/1507036605804.wav"
}