{
  "spell_id": 17,
  "manual": {
    "start": 0.6285379847733485,
    "stop": 1.649461864231674
  },
  "beep_duration": 0.08,
  "beep_end": 0.12182625001878478,
  "enabled": true,
  "signal_file": "10047/model_input/spells/17/exemplars/1511966246260.wav"
}