{
  "spell_id": 17,
  "manual": {
    "start": 0.6599317224553373,
    "stop": 1.6395080199525294
  },
  "beep_duration": 0.08,
  "beep_end": 0.12648895833990537,
  "enabled": true,
  "signal_file": "10047/model_input/spells/17/exemplars/1511878175963.wav"
}