{
  "spell_id": 17,
  "manual": {
    "start": 1.6689797917124816,
    "stop": 2.984504772742075
  },
  "beep_duration": 0.08,
  "beep_end": 0.12897979171248153,
  "enabled": true,
  "signal_file": "10047/model_input/spells/17/exemplars/1513780834629.wav"
}