{
  "spell_id": 7,
  "manual": {
    "start": 0.6237442500023462,
    "stop": 1.3637442500023462
  },
  "beep_duration": 0.08,
  "beep_end": 0.1237442500023462,
  "enabled": true,
  "signal_file": "10047/model_input/spells/7/exemplars/1501458876058.wav"
}