{
  "spell_id": 7,
  "manual": {
    "start": 1.01745465954766,
    "stop": 1.644899958333117
  },
  "beep_duration": 0.08,
  "beep_end": 0.124899958333117,
  "enabled": true,
  "signal_file": "10047/model_input/spells/7/exemplars/1501458706675.wav"
}