{
  "spell_id": 7,
  "manual": {
    "start": 0.6257574271300447,
    "stop": 1.8728181053811659
  },
  "beep_duration": 0.08,
  "beep_end": 0.1277630000004137,
  "enabled": true,
  "signal_file": "10047/model_input/spells/7/exemplars/1501457962047.wav"
}