{
  "spell_id": 7,
  "manual": {
    "start": 1.2450094166680354,
    "stop": 1.9050094166680356
  },
  "beep_duration": 0.08,
  "beep_end": 0.1250094166680356,
  "enabled": true,
  "signal_file": "10047/model_input/spells/7/exemplars/1501459100036.wav"
}