{
  "spell_id": 7,
  "manual": {
    "start": 0.6003027083340566,
    "stop": 1.519687920362793
  },
  "beep_duration": 0.08,
  "beep_end": 0.1303027083340567,
  "enabled": true,
  "signal_file": "10047/model_input/spells/7/exemplars/1501458026146.wav"
}