{
  "spell_id": 7,
  "manual": {
    "start": 0.6752589150071073,
    "stop": 1.7739052625940075
  },
  "beep_duration": 0.08,
  "beep_end": 0.1218313333338301,
  "enabled": true,
  "signal_file": "10047/model_input/spells/7/exemplars/1501459158725.wav"
}