{
  "spell_id": 7,
  "manual": {
    "start": 0.5568580416654004,
    "stop": 1.3268580416654003
  },
  "beep_duration": 0.08,
  "beep_end": 0.1268580416654004,
  "enabled": true,
  "signal_file": "10047/model_input/spells/7/exemplars/1501458665186.wav"
}