{
  "spell_id": 7,
  "manual": {
    "start": 1.8009943333326373,
    "stop": 2.600994333332637
  },
  "beep_duration": 0.08,
  "beep_end": 0.1309943333326373,
  "enabled": true,
  "signal_file": "10047/model_input/spells/7/exemplars/1501458988804.wav"
}