{
  "spell_id": 7,
  "manual": {
    "start": 0.24790767937219732,
    "stop": 1.3527889293721973
  },
  "beep_duration": 0.08,
  "beep_end": 0.1271458333321789,
  "enabled": true,
  "signal_file": "10047/model_input/spells/7/exemplars/1501458825503.wav"
}