{
  "spell_id": 7,
  "manual": {
    "start": 0.24350933333436842,
    "stop": 1.0035093333343683
  },
  "beep_duration": 0.08,
  "beep_end": 0.1235093333343684,
  "enabled": true,
  "signal_file": "10047/model_input/spells/7/exemplars/1501458732605.wav"
}