{
  "spell_id": 7,
  "manual": {
    "start": 0.8252569583302829,
    "stop": 1.845256958330283
  },
  "beep_duration": 0.08,
  "beep_end": 0.1252569583302829,
  "enabled": true,
  "signal_file": "10047/model_input/spells/7/exemplars/1505915049962.wav"
}