{
  "spell_id": 7,
  "manual": {
    "start": 0.4134810416644905,
    "stop": 1.4334810416644903
  },
  "beep_duration": 0.08,
  "beep_end": 0.1234810416644905,
  "enabled": true,
  "signal_file": "10047/model_input/spells/7/exemplars/1505915019165.wav"
}