{
  "spell_id": 7,
  "manual": {
    "start": 0.6732318333350121,
    "stop": 1.493231833335012
  },
  "beep_duration": 0.08,
  "beep_end": 0.1232318333350122,
  "enabled": true,
  "signal_file": "10047/model_input/spells/7/exemplars/1506520053676.wav"
}