{
  "spell_id": 7,
  "manual": {
    "start": 0.6637017916864715,
    "stop": 1.4737017916864714
  },
  "beep_duration": 0.08,
  "beep_end": 0.1237017916864716,
  "enabled": true,
  "signal_file": "10047/model_input/spells/7/exemplars/1506520068648.wav"
}