{
  "spell_id": 7,
  "manual": {
    "start": 0.6823115416687505,
    "stop": 1.6023115416687506
  },
  "beep_duration": 0.08,
  "beep_end": 0.1223115416687506,
  "enabled": true,
  "signal_file": "10047/model_input/spells/7/exemplars/1506708355572.wav"
}