{
  "spell_id": 7,
  "manual": {
    "start": 0.3549568333296338,
    "stop": 1.2049568333296337
  },
  "beep_duration": 0.08,
  "beep_end": 0.1249568333296338,
  "enabled": true,
  "signal_file": "10047/model_input/spells/7/exemplars/1507124361612.wav"
}