{
  "spell_id": 19,
  "manual": {
    "start": 0.5684985987654667,
    "stop": 1.5683430883650584
  },
  "beep_duration": 0.08,
  "beep_end": 0.1266511249996256,
  "enabled": true,
  "signal_file": "10047/model_input/spells/19/exemplars/1511966240582.wav"
}