{
  "spell_id": 19,
  "manual": {
    "start": 1.5293210000148973,
    "stop": 2.3993462083666364
  },
  "beep_duration": 0.08,
  "beep_end": 0.12932100001489744,
  "enabled": true,
  "signal_file": "10047/model_input/spells/19/exemplars/1511878181623.wav"
}