{
  "spell_id": 10,
  "manual": {
    "start": 0.6448937083328201,
    "stop": 2.221317287549242
  },
  "beep_duration": 0.08,
  "beep_end": 0.1248937083328201,
  "enabled": true,
  "signal_file": "10047/model_input/spells/10/exemplars/1501458070143.wav"
}