{
  "spell_id": 10,
  "manual": {
    "start": 0.7850959191500251,
    "stop": 2.233466836101677
  },
  "beep_duration": 0.08,
  "beep_end": 0.1291078750000452,
  "enabled": true,
  "signal_file": "10047/model_input/spells/10/exemplars/1501458994505.wav"
}