{
  "spell_id": 10,
  "manual": {
    "start": 0.4213928811659193,
    "stop": 1.6687167040358744
  },
  "beep_duration": 0.08,
  "beep_end": 0.1280096250011411,
  "enabled": true,
  "signal_file": "10047/model_input/spells/10/exemplars/1501459154056.wav"
}