{
  "spell_id": 10,
  "manual": {
    "start": 0.4089354119955157,
    "stop": 1.4931933716367718
  },
  "beep_duration": 0.08,
  "beep_end": 0.1253248333341617,
  "enabled": true,
  "signal_file": "10047/model_input/spells/10/exemplars/1501458890616.wav"
}