{
  "spell_id": 10,
  "manual": {
    "start": 0.5358760930493273,
    "stop": 2.2005996221270796
  },
  "beep_duration": 0.08,
  "beep_end": 0.1223474583348434,
  "enabled": true,
  "signal_file": "10047/model_input/spells/10/exemplars/1501458016338.wav"
}