{
  "spell_id": 10,
  "manual": {
    "start": 0.6942870833323104,
    "stop": 2.2794069988337986
  },
  "beep_duration": 0.08,
  "beep_end": 0.1342870833323104,
  "enabled": true,
  "signal_file": "10047/model_input/spells/10/exemplars/1501458844413.wav"
}