{
  "spell_id": 10,
  "manual": {
    "start": 0.4696565302690583,
    "stop": 1.7642169983183855
  },
  "beep_duration": 0.08,
  "beep_end": 0.1237031250020664,
  "enabled": true,
  "signal_file": "10047/model_input/spells/10/exemplars/1501459230903.wav"
}