{
  "spell_id": 10,
  "manual": {
    "start": 0.8184796400319808,
    "stop": 2.1356483141394302
  },
  "beep_duration": 0.08,
  "beep_end": 0.1240278333352762,
  "enabled": true,
  "signal_file": "10047/model_input/spells/10/exemplars/1501459260270.wav"
}