{
  "spell_id": 10,
  "manual": {
    "start": 0.7069203124999999,
    "stop": 2.2137843749999995
  },
  "beep_duration": 0.08,
  "beep_end": 0.1258009166631382,
  "enabled": true,
  "signal_file": "10047/model_input/spells/10/exemplars/1505915063836.wav"
}