{
  "spell_id": 10,
  "manual": {
    "start": 2.248182244318182,
    "stop": 3.6718416193181818
  },
  "beep_duration": 0.08,
  "beep_end": 0.1235365833272226,
  "enabled": true,
  "signal_file": "10047/model_input/spells/10/exemplars/1505222172965.wav"
}