{
  "spell_id": 10,
  "manual": {
    "start": 0.36332262501353396,
    "stop": 1.655801937084683
  },
  "beep_duration": 0.08,
  "beep_end": 0.133322625013534,
  "enabled": true,
  "signal_file": "10047/model_input/spells/10/exemplars/1505915006660.wav"
}