{
  "spell_id": 10,
  "manual": {
    "start": 1.3859247499983758,
    "stop": 2.705924749998376
  },
  "beep_duration": 0.08,
  "beep_end": 0.1259247499983758,
  "enabled": true,
  "signal_file": "10047/model_input/spells/10/exemplars/1506520075544.wav"
}