{
  "spell_id": 6,
  "manual": {
    "start": 0.47237233333144096,
    "stop": 1.5074857807306026
  },
  "beep_duration": 0.08,
  "beep_end": 0.122372333331441,
  "enabled": true,
  "signal_file": "10047/model_input/spells/6/exemplars/1501459142188.wav"
}