{
  "spell_id": 6,
  "manual": {
    "start": 0.5650980833335779,
    "stop": 1.6850980833335778
  },
  "beep_duration": 0.08,
  "beep_end": 0.115098083333578,
  "enabled": true,
  "signal_file": "10047/model_input/spells/6/exemplars/1501458659144.wav"
}