{
  "spell_id": 6,
  "manual": {
    "start": 0.908589333333366,
    "stop": 2.068589333333366
  },
  "beep_duration": 0.08,
  "beep_end": 0.1285893333333661,
  "enabled": true,
  "signal_file": "10047/model_input/spells/6/exemplars/1501459171885.wav"
}