{
  "spell_id": 6,
  "manual": {
    "start": 1.274947750000283,
    "stop": 2.4902029060309494
  },
  "beep_duration": 0.08,
  "beep_end": 0.1149477500002831,
  "enabled": true,
  "signal_file": "10047/model_input/spells/6/exemplars/1501458804998.wav"
}