{
  "spell_id": 6,
  "manual": {
    "start": 0.7504325833334589,
    "stop": 1.9586596823922604
  },
  "beep_duration": 0.08,
  "beep_end": 0.1304325833334588,
  "enabled": true,
  "signal_file": "10047/model_input/spells/6/exemplars/1501459004371.wav"
}