{
  "spell_id": 6,
  "manual": {
    "start": 0.3127064583326865,
    "stop": 1.5832479470782568
  },
  "beep_duration": 0.08,
  "beep_end": 0.1227064583326865,
  "enabled": true,
  "signal_file": "10047/model_input/spells/6/exemplars/1501459033881.wav"
}