{
  "spell_id": 6,
  "manual": {
    "start": 0.325744291668525,
    "stop": 1.6061988076740612
  },
  "beep_duration": 0.08,
  "beep_end": 0.125744291668525,
  "enabled": true,
  "signal_file": "10047/model_input/spells/6/exemplars/1501459110441.wav"
}