{
  "spell_id": 6,
  "manual": {
    "start": 0.5107781249997788,
    "stop": 1.4648392563016148
  },
  "beep_duration": 0.08,
  "beep_end": 0.1307781249997788,
  "enabled": true,
  "signal_file": "10047/model_input/spells/6/exemplars/1501458021241.wav"
}