{
  "spell_id": 6,
  "manual": {
    "start": 0.7819286250000005,
    "stop": 1.8666047524633795
  },
  "beep_duration": 0.08,
  "beep_end": 0.1319286250000005,
  "enabled": true,
  "signal_file": "10047/model_input/spells/6/exemplars/1501458180715.wav"
}