{
  "spell_id": 6,
  "manual": {
    "start": 0.8331112083478365,
    "stop": 1.9431112083478363
  },
  "beep_duration": 0.08,
  "beep_end": 0.1231112083478365,
  "enabled": true,
  "signal_file": "10047/model_input/spells/6/exemplars/1505914787701.wav"
}