{
  "spell_id": 6,
  "manual": {
    "start": 0.6954231249913573,
    "stop": 2.007993041846988
  },
  "beep_duration": 0.08,
  "beep_end": 0.1254231249913573,
  "enabled": true,
  "signal_file": "10047/model_input/spells/6/exemplars/1505222093325.wav"
}