{
  "spell_id": 6,
  "manual": {
    "start": 0.6534655080160454,
    "stop": 1.9660791272010931
  },
  "beep_duration": 0.08,
  "beep_end": 0.1292285416566301,
  "enabled": true,
  "signal_file": "10047/model_input/spells/6/exemplars/1506519967186.wav"
}