{
  "spell_id": 6,
  "manual": {
    "start": 0.6702822443181818,
    "stop": 1.67304375
  },
  "beep_duration": 0.08,
  "beep_end": 0.1214560416628956,
  "enabled": true,
  "signal_file": "10047/model_input/spells/6/exemplars/1507124359313.wav"
}