{
  "spell_id": 6,
  "manual": {
    "start": 0.6339403409090909,
    "stop": 1.5473249999999998
  },
  "beep_duration": 0.08,
  "beep_end": 0.1302467916684691,
  "enabled": true,
  "signal_file": "10047/model_input/spells/6/exemplars/1507729578836.wav"
}