{
  "spell_id": 6,
  "manual": {
    "start": 0.4631680397727273,
    "stop": 1.2173625
  },
  "beep_duration": 0.08,
  "beep_end": 0.1165087083318213,
  "enabled": true,
  "signal_file": "10047/model_input/spells/6/exemplars/1507729551554.wav"
}