{
  "spell_id": 6,
  "manual": {
    "start": 0.5188037548531229,
    "stop": 1.3254820833273697
  },
  "beep_duration": 0.08,
  "beep_end": 0.1254820833273698,
  "enabled": true,
  "signal_file": "10047/model_input/spells/6/exemplars/1507124373976.wav"
}