{
  "spell_id": 1,
  "manual": {
    "start": 0.7910445833332778,
    "stop": 1.8110445833332778
  },
  "beep_duration": 0.08,
  "beep_end": 0.1310445833332778,
  "enabled": true,
  "signal_file": "10047/model_input/spells/1/exemplars/1499806819872.wav"
}