{
  "spell_id": 1,
  "manual": {
    "start": 0.6362154288702928,
    "stop": 1.612902510460251
  },
  "beep_duration": 0.08,
  "beep_end": 0.1326985000005152,
  "enabled": true,
  "signal_file": "10047/model_input/spells/1/exemplars/1499807824083.wav"
}