{
  "spell_id": 1,
  "manual": {
    "start": 0.4182433838912134,
    "stop": 1.4397037918410038
  },
  "beep_duration": 0.08,
  "beep_end": 0.1263304583326317,
  "enabled": true,
  "signal_file": "10047/model_input/spells/1/exemplars/1499807858759.wav"
}