{
  "spell_id": 1,
  "manual": {
    "start": 0.6106508847068329,
    "stop": 1.33322266666637
  },
  "beep_duration": 0.08,
  "beep_end": 0.1332226666663701,
  "enabled": true,
  "signal_file": "10047/model_input/spells/1/exemplars/1499806487891.wav"
}