{
  "spell_id": 1,
  "manual": {
    "start": 0.8385397500005274,
    "stop": 1.9080316315541923
  },
  "beep_duration": 0.08,
  "beep_end": 0.1285397500005274,
  "enabled": true,
  "signal_file": "10047/model_input/spells/1/exemplars/1499807893814.wav"
}