{
  "spell_id": 1,
  "manual": {
    "start": 1.8940355387029288,
    "stop": 2.7983980387029286
  },
  "beep_duration": 0.08,
  "beep_end": 0.1259543749999921,
  "enabled": true,
  "signal_file": "10047/model_input/spells/1/exemplars/1499778291966.wav"
}