{
  "spell_id": 1,
  "manual": {
    "start": 0.9685109166665279,
    "stop": 2.168510916666528
  },
  "beep_duration": 0.08,
  "beep_end": 0.1285109166665279,
  "enabled": true,
  "signal_file": "10047/model_input/spells/1/exemplars/1499806943123.wav"
}