{
  "spell_id": 1,
  "manual": {
    "start": 0.7321887500000775,
    "stop": 1.1321887500000776
  },
  "beep_duration": 0.08,
  "beep_end": 0.1221887500000776,
  "enabled": true,
  "signal_file": "10047/model_input/spells/1/exemplars/1499777912068.wav"
}