{
  "spell_id": 1,
  "manual": {
    "start": 0.7783661167731784,
    "stop": 1.3355473165258067
  },
  "beep_duration": 0.08,
  "beep_end": 0.1143009166671618,
  "enabled": true,
  "signal_file": "10047/model_input/spells/1/exemplars/1499806446748.wav"
}