{
  "spell_id": 1,
  "manual": {
    "start": 0.953285583333427,
    "stop": 1.7632855833334269
  },
  "beep_duration": 0.08,
  "beep_end": 0.123285583333427,
  "enabled": true,
  "signal_file": "10047/model_input/spells/1/exemplars/1499777984215.wav"
}