{
  "spell_id": 1,
  "manual": {
    "start": 0.6516497550742206,
    "stop": 1.4955895416670684
  },
  "beep_duration": 0.08,
  "beep_end": 0.1255895416670683,
  "enabled": true,
  "signal_file": "10047/model_input/spells/1/exemplars/1499806527809.wav"
}