{
  "spell_id": 1,
  "manual": {
    "start": 0.9921306666668535,
    "stop": 2.0621306666668535
  },
  "beep_duration": 0.08,
  "beep_end": 0.1321306666668534,
  "enabled": true,
  "signal_file": "10047/model_input/spells/1/exemplars/1499806992959.wav"
}