{
  "spell_id": 1,
  "manual": {
    "start": 0.6916469583334766,
    "stop": 1.8916469583334765
  },
  "beep_duration": 0.08,
  "beep_end": 0.1316469583334765,
  "enabled": true,
  "signal_file": "10047/model_input/spells/1/exemplars/1499806768812.wav"
}