{
  "spell_id": 1,
  "manual": {
    "start": 2.525766958331951,
    "stop": 3.5157669583319513
  },
  "beep_duration": 0.08,
  "beep_end": 0.1257669583319512,
  "enabled": true,
  "signal_file": "10047/model_input/spells/1/exemplars/1500417818775.wav"
}