{
  "spell_id": 1,
  "manual": {
    "start": 0.7852432916662656,
    "stop": 1.7463891526080448
  },
  "beep_duration": 0.08,
  "beep_end": 0.1252432916662656,
  "enabled": true,
  "signal_file": "10047/model_input/spells/1/exemplars/1500682190589.wav"
}