{
  "spell_id": 1,
  "manual": {
    "start": 0.663848283023028,
    "stop": 1.6646718329596408
  },
  "beep_duration": 0.08,
  "beep_end": 0.1335714166671096,
  "enabled": true,
  "signal_file": "10047/model_input/spells/1/exemplars/1500417858237.wav"
}