{
  "spell_id": 1,
  "manual": {
    "start": 0.9326551666622982,
    "stop": 1.552655166662298
  },
  "beep_duration": 0.08,
  "beep_end": 0.1226551666622981,
  "enabled": true,
  "signal_file": "10047/model_input/spells/1/exemplars/1500682041590.wav"
}