{
  "spell_id": 1,
  "manual": {
    "start": 0.6309778333286522,
    "stop": 1.6709778333286522
  },
  "beep_duration": 0.08,
  "beep_end": 0.1209778333286522,
  "enabled": true,
  "signal_file": "10047/model_input/spells/1/exemplars/1500681984623.wav"
}