{
  "spell_id": 1,
  "manual": {
    "start": 0.8948482916691864,
    "stop": 2.020327144658523
  },
  "beep_duration": 0.08,
  "beep_end": 0.1348482916691864,
  "enabled": true,
  "signal_file": "10047/model_input/spells/1/exemplars/1500238310030.wav"
}