{
  "spell_id": 1,
  "manual": {
    "start": 0.5847594166654744,
    "stop": 1.3747594166654744
  },
  "beep_duration": 0.08,
  "beep_end": 0.1347594166654744,
  "enabled": true,
  "signal_file": "10047/model_input/spells/1/exemplars/1500382682662.wav"
}