{
  "spell_id": 1,
  "manual": {
    "start": 0.4512352916647797,
    "stop": 1.3912352916647797
  },
  "beep_duration": 0.08,
  "beep_end": 0.1312352916647797,
  "enabled": true,
  "signal_file": "10047/model_input/spells/1/exemplars/1500682150990.wav"
}