{
  "spell_id": 1,
  "manual": {
    "start": 0.6830020416717162,
    "stop": 1.553002041671716
  },
  "beep_duration": 0.08,
  "beep_end": 0.1330020416717161,
  "enabled": true,
  "signal_file": "10047/model_input/spells/1/exemplars/1500682074948.wav"
}