{
  "spell_id": 1,
  "manual": {
    "start": 0.9352484583346814,
    "stop": 1.8152484583346813
  },
  "beep_duration": 0.08,
  "beep_end": 0.1252484583346813,
  "enabled": true,
  "signal_file": "10047/model_input/spells/1/exemplars/1500417698820.wav"
}