{
  "spell_id": 1,
  "manual": {
    "start": 0.8049105000004055,
    "stop": 1.6749105000004054
  },
  "beep_duration": 0.08,
  "beep_end": 0.1149105000004056,
  "enabled": true,
  "signal_file": "10047/model_input/spells/1/exemplars/1501458145386.wav"
}