{
  "spell_id": 1,
  "manual": {
    "start": 0.6622607916679407,
    "stop": 1.6720910475798294
  },
  "beep_duration": 0.08,
  "beep_end": 0.1222607916679408,
  "enabled": true,
  "signal_file": "10047/model_input/spells/1/exemplars/1501458308875.wav"
}