{
  "spell_id": 1,
  "manual": {
    "start": 0.45241148843527573,
    "stop": 1.4150524166680407
  },
  "beep_duration": 0.08,
  "beep_end": 0.1250524166680407,
  "enabled": true,
  "signal_file": "10047/model_input/spells/1/exemplars/1501458171852.wav"
}