{
  "spell_id": 1,
  "manual": {
    "start": 0.8144938333256868,
    "stop": 1.7944938333256868
  },
  "beep_duration": 0.08,
  "beep_end": 0.1244938333256869,
  "enabled": true,
  "signal_file": "10047/model_input/spells/1/exemplars/1505222102162.wav"
}