{
  "spell_id": 1,
  "manual": {
    "start": 0.5536597499903291,
    "stop": 1.543659749990329
  },
  "beep_duration": 0.08,
  "beep_end": 0.1336597499903291,
  "enabled": true,
  "signal_file": "10047/model_input/spells/1/exemplars/1505914900926.wav"
}