{
  "spell_id": 1,
  "manual": {
    "start": 0.8844161095912598,
    "stop": 2.011609854904127
  },
  "beep_duration": 0.08,
  "beep_end": 0.1248708750063088,
  "enabled": true,
  "signal_file": "10047/model_input/spells/1/exemplars/1505222085841.wav"
}