{
  "spell_id": 1,
  "manual": {
    "start": 0.6533228750008857,
    "stop": 1.5833228750008856
  },
  "beep_duration": 0.08,
  "beep_end": 0.1333228750008857,
  "enabled": true,
  "signal_file": "10047/model_input/spells/1/exemplars/1505222068600.wav"
}