{
  "spell_id": 1,
  "manual": {
    "start": 0.7207686250074767,
    "stop": 1.7507686250074765
  },
  "beep_duration": 0.08,
  "beep_end": 0.1307686250074767,
  "enabled": true,
  "signal_file": "10047/model_input/spells/1/exemplars/1506519994803.wav"
}