{
  "spell_id": 1,
  "manual": {
    "start": 0.7912455416482407,
    "stop": 1.9112455416482408
  },
  "beep_duration": 0.08,
  "beep_end": 0.1312455416482408,
  "enabled": true,
  "signal_file": "10047/model_input/spells/1/exemplars/1506519977859.wav"
}