{
  "spell_id": 8,
  "manual": {
    "start": 0.5627539166668429,
    "stop": 1.768259585601083
  },
  "beep_duration": 0.08,
  "beep_end": 0.132753916666843,
  "enabled": true,
  "signal_file": "10047/model_input/spells/8/exemplars/1501458176819.wav"
}