{
  "spell_id": 8,
  "manual": {
    "start": 0.45448012499953616,
    "stop": 1.8544801249995362
  },
  "beep_duration": 0.08,
  "beep_end": 0.1244801249995362,
  "enabled": true,
  "signal_file": "10047/model_input/spells/8/exemplars/1501459116808.wav"
}