{
  "spell_id": 8,
  "manual": {
    "start": 0.7147826666658511,
    "stop": 1.824782666665851
  },
  "beep_duration": 0.08,
  "beep_end": 0.1247826666658511,
  "enabled": true,
  "signal_file": "10047/model_input/spells/8/exemplars/1501458032021.wav"
}