{
  "spell_id": 8,
  "manual": {
    "start": 1.7049728749971835,
    "stop": 2.899381391650598
  },
  "beep_duration": 0.08,
  "beep_end": 0.1249728749971837,
  "enabled": true,
  "signal_file": "10047/model_input/spells/8/exemplars/1501459577992.wav"
}