{
  "spell_id": 8,
  "manual": {
    "start": 0.43255824999941983,
    "stop": 1.5225582499994197
  },
  "beep_duration": 0.08,
  "beep_end": 0.1325582499994198,
  "enabled": true,
  "signal_file": "10047/model_input/spells/8/exemplars/1501458313863.wav"
}