{
  "spell_id": 8,
  "manual": {
    "start": 0.6750585000088903,
    "stop": 2.0850585000088904
  },
  "beep_duration": 0.08,
  "beep_end": 0.1250585000088904,
  "enabled": true,
  "signal_file": "10047/model_input/spells/8/exemplars/1505914907241.wav"
}