{
  "spell_id": 8,
  "manual": {
    "start": 0.6769753551136365,
    "stop": 2.59171875
  },
  "beep_duration": 0.08,
  "beep_end": 0.1259763749985723,
  "enabled": true,
  "signal_file": "10047/model_input/spells/8/exemplars/1505222090012.wav"
}