{
  "spell_id": 8,
  "manual": {
    "start": 0.37159005681818186,
    "stop": 1.4810839488636363
  },
  "beep_duration": 0.08,
  "beep_end": 0.1254195833316771,
  "enabled": true,
  "signal_file": "10047/model_input/spells/8/exemplars/1506708362338.wav"
}