{
  "spell_id": 8,
  "manual": {
    "start": 0.5156882500019856,
    "stop": 1.7997153823556487
  },
  "beep_duration": 0.08,
  "beep_end": 0.1256882500019856,
  "enabled": true,
  "signal_file": "10047/model_input/spells/8/exemplars/1506519998193.wav"
}