{
  "spell_id": 8,
  "manual": {
    "start": 0.6258618607954546,
    "stop": 1.9938937500000002
  },
  "beep_duration": 0.08,
  "beep_end": 0.1341578333231155,
  "enabled": true,
  "signal_file": "10047/model_input/spells/8/exemplars/1506519963790.wav"
}