{
  "spell_id": 8,
  "manual": {
    "start": 0.6437389583257027,
    "stop": 1.9557169893649582
  },
  "beep_duration": 0.08,
  "beep_end": 0.1237389583257027,
  "enabled": true,
  "signal_file": "10047/model_input/spells/8/exemplars/1506519980721.wav"
}