{
  "spell_id": 8,
  "manual": {
    "start": 0.6344138750007551,
    "stop": 1.944413875000755
  },
  "beep_duration": 0.08,
  "beep_end": 0.1244138750007551,
  "enabled": true,
  "signal_file": "10047/model_input/spells/8/exemplars/1506708351886.wav"
}