{
  "spell_id": 8,
  "manual": {
    "start": 1.3553691666643135,
    "stop": 2.813408039356247
  },
  "beep_duration": 0.08,
  "beep_end": 0.1253691666643135,
  "enabled": true,
  "signal_file": "10047/model_input/spells/8/exemplars/1506708374334.wav"
}