{
  "spell_id": 4,
  "manual": {
    "start": 0.7470584999999846,
    "stop": 1.483249741864696
  },
  "beep_duration": 0.08,
  "beep_end": 0.1170584999999846,
  "enabled": true,
  "signal_file": "10047/model_input/spells/4/exemplars/1499778271773.wav"
}