{
  "spell_id": 4,
  "manual": {
    "start": 0.8038832499995988,
    "stop": 1.5838832499995987
  },
  "beep_duration": 0.08,
  "beep_end": 0.1338832499995988,
  "enabled": true,
  "signal_file": "10047/model_input/spells/4/exemplars/1499806481647.wav"
}