{
  "spell_id": 4,
  "manual": {
    "start": 1.1711926569506725,
    "stop": 2.194545571748879
  },
  "beep_duration": 0.08,
  "beep_end": 0.1166665833334264,
  "enabled": true,
  "signal_file": "10047/model_input/spells/4/exemplars/1499806698716.wav"
}