{
  "spell_id": 4,
  "manual": {
    "start": 1.1614843333332192,
    "stop": 1.9914843333332193
  },
  "beep_duration": 0.08,
  "beep_end": 0.1314843333332192,
  "enabled": true,
  "signal_file": "10047/model_input/spells/4/exemplars/1499778390635.wav"
}