{
  "spell_id": 4,
  "manual": {
    "start": 0.8717764999994324,
    "stop": 1.7617764999994323
  },
  "beep_duration": 0.08,
  "beep_end": 0.1317764999994324,
  "enabled": true,
  "signal_file": "10047/model_input/spells/4/exemplars/1499806977343.wav"
}