{
  "spell_id": 4,
  "manual": {
    "start": 0.7563708520179372,
    "stop": 1.7278996076233186
  },
  "beep_duration": 0.08,
  "beep_end": 0.1171938333327489,
  "enabled": true,
  "signal_file": "10047/model_input/spells/4/exemplars/1499806914650.wav"
}