{
  "spell_id": 4,
  "manual": {
    "start": 1.1457313220932608,
    "stop": 2.123569666666299
  },
  "beep_duration": 0.08,
  "beep_end": 0.1235696666662989,
  "enabled": true,
  "signal_file": "10047/model_input/spells/4/exemplars/1499806809234.wav"
}