{
  "spell_id": 4,
  "manual": {
    "start": 0.7584547478405622,
    "stop": 1.7129680833334897
  },
  "beep_duration": 0.08,
  "beep_end": 0.1229680833334896,
  "enabled": true,
  "signal_file": "10047/model_input/spells/4/exemplars/1499777937932.wav"
}