{
  "spell_id": 4,
  "manual": {
    "start": 0.825339556262495,
    "stop": 1.6760160000001634
  },
  "beep_duration": 0.08,
  "beep_end": 0.1260160000001633,
  "enabled": true,
  "signal_file": "10047/model_input/spells/4/exemplars/1499807020893.wav"
}