{
  "spell_id": 4,
  "manual": {
    "start": 0.709327942825112,
    "stop": 1.7777739349775787
  },
  "beep_duration": 0.08,
  "beep_end": 0.1245692083339236,
  "enabled": true,
  "signal_file": "10047/model_input/spells/4/exemplars/1499807844535.wav"
}