{
  "spell_id": 4,
  "manual": {
    "start": 0.8936451666663925,
    "stop": 1.865810846791256
  },
  "beep_duration": 0.08,
  "beep_end": 0.1236451666663925,
  "enabled": true,
  "signal_file": "10047/model_input/spells/4/exemplars/1499806521875.wav"
}