{
  "spell_id": 4,
  "manual": {
    "start": 0.6622081814400792,
    "stop": 1.2160946260612178
  },
  "beep_duration": 0.08,
  "beep_end": 0.1227759583343868,
  "enabled": true,
  "signal_file": "10047/model_input/spells/4/exemplars/1500382627891.wav"
}