{
  "spell_id": 4,
  "manual": {
    "start": 0.56149388742625,
    "stop": 1.2549368299712333
  },
  "beep_duration": 0.08,
  "beep_end": 0.1338987916678889,
  "enabled": true,
  "signal_file": "10047/model_input/spells/4/exemplars/1500382675801.wav"
}