{
  "spell_id": 4,
  "manual": {
    "start": 1.033436583331786,
    "stop": 1.7334365833317862
  },
  "beep_duration": 0.08,
  "beep_end": 0.1334365833317861,
  "enabled": true,
  "signal_file": "10047/model_input/spells/4/exemplars/1500682173639.wav"
}