{
  "spell_id": 4,
  "manual": {
    "start": 1.0632715833341355,
    "stop": 1.7332715833341354
  },
  "beep_duration": 0.08,
  "beep_end": 0.1332715833341354,
  "enabled": true,
  "signal_file": "10047/model_input/spells/4/exemplars/1500681803372.wav"
}