{
  "spell_id": 4,
  "manual": {
    "start": 0.7735640416655224,
    "stop": 1.4935640416655225
  },
  "beep_duration": 0.08,
  "beep_end": 0.1335640416655224,
  "enabled": true,
  "signal_file": "10047/model_input/spells/4/exemplars/1500682207081.wav"
}