{
  "spell_id": 4,
  "manual": {
    "start": 0.7496443525784753,
    "stop": 1.7845890414798211
  },
  "beep_duration": 0.08,
  "beep_end": 0.1246725833334494,
  "enabled": true,
  "signal_file": "10047/model_input/spells/4/exemplars/1500238247678.wav"
}