{
  "spell_id": 4,
  "manual": {
    "start": 1.3429757916880771,
    "stop": 2.302975791688077
  },
  "beep_duration": 0.08,
  "beep_end": 0.1229757916880772,
  "enabled": true,
  "signal_file": "10047/model_input/spells/4/exemplars/1505915043020.wav"
}