{
  "spell_id": 4,
  "manual": {
    "start": 1.9357084999961078,
    "stop": 2.875708499996108
  },
  "beep_duration": 0.08,
  "beep_end": 0.125708499996108,
  "enabled": true,
  "signal_file": "10047/model_input/spells/4/exemplars/1505222132729.wav"
}