{
  "spell_id": 4,
  "manual": {
    "start": 0.39192054166574963,
    "stop": 1.3519205416657496
  },
  "beep_duration": 0.08,
  "beep_end": 0.1319205416657496,
  "enabled": true,
  "signal_file": "10047/model_input/spells/4/exemplars/1505915012715.wav"
}