{
  "spell_id": 4,
  "manual": {
    "start": 0.6590259267348563,
    "stop": 1.5647137083410052
  },
  "beep_duration": 0.08,
  "beep_end": 0.1247137083410053,
  "enabled": true,
  "signal_file": "10047/model_input/spells/4/exemplars/1505222149203.wav"
}