{
  "spell_id": 4,
  "manual": {
    "start": 0.3585003740397498,
    "stop": 1.046446875006659
  },
  "beep_duration": 0.08,
  "beep_end": 0.116446875006659,
  "enabled": true,
  "signal_file": "10047/model_input/spells/4/exemplars/1506520036353.wav"
}