{
  "spell_id": 4,
  "manual": {
    "start": 0.6635079166654031,
    "stop": 1.4235079166654032
  },
  "beep_duration": 0.08,
  "beep_end": 0.1235079166654032,
  "enabled": true,
  "signal_file": "10047/model_input/spells/4/exemplars/1506520051004.wav"
}