{
  "spell_id": 11,
  "manual": {
    "start": 0.6455490000003192,
    "stop": 2.085549000000319
  },
  "beep_duration": 0.08,
  "beep_end": 0.1255490000003192,
  "enabled": true,
  "signal_file": "10047/model_input/spells/11/exemplars/1506708523962.wav"
}