{
  "spell_id": 11,
  "manual": {
    "start": 1.386544929198412,
    "stop": 2.8517036102754605
  },
  "beep_duration": 0.08,
  "beep_end": 0.1179574999987381,
  "enabled": true,
  "signal_file": "10047/model_input/spells/11/exemplars/1506708509738.wav"
}