{
  "spell_id": 11,
  "manual": {
    "start": 0.7368572980393306,
    "stop": 2.2048495416657534
  },
  "beep_duration": 0.08,
  "beep_end": 0.1248495416657533,
  "enabled": true,
  "signal_file": "10047/model_input/spells/11/exemplars/1506708536726.wav"
}