{
  "spell_id": 11,
  "manual": {
    "start": 0.5959515625000001,
    "stop": 1.8582430397727274
  },
  "beep_duration": 0.08,
  "beep_end": 0.1268965416675201,
  "enabled": true,
  "signal_file": "10047/model_input/spells/11/exemplars/1507036603619.wav"
}