{
  "spell_id": 11,
  "manual": {
    "start": 0.5646954545454546,
    "stop": 1.9198590909090907
  },
  "beep_duration": 0.08,
  "beep_end": 0.1235855833328969,
  "enabled": true,
  "signal_file": "10047/model_input/spells/11/exemplars/1507729554969.wav"
}