{
  "spell_id": 11,
  "manual": {
    "start": 1.0853667083365144,
    "stop": 2.535366708336514
  },
  "beep_duration": 0.08,
  "beep_end": 0.1253667083365144,
  "enabled": true,
  "signal_file": "10047/model_input/spells/11/exemplars/1507124447740.wav"
}