{
  "spell_id": 11,
  "manual": {
    "start": 0.5544902499965974,
    "stop": 1.8244902499965974
  },
  "beep_duration": 0.08,
  "beep_end": 0.1244902499965974,
  "enabled": true,
  "signal_file": "10047/model_input/spells/11/exemplars/1507036618106.wav"
}