{
  "spell_id": 11,
  "manual": {
    "start": 0.6321038352272728,
    "stop": 2.151366619318182
  },
  "beep_duration": 0.08,
  "beep_end": 0.1225490416654793,
  "enabled": true,
  "signal_file": "10047/model_input/spells/11/exemplars/1507729581780.wav"
}