{
  "spell_id": 11,
  "manual": {
    "start": 0.7436573863636363,
    "stop": 2.03654375
  },
  "beep_duration": 0.08,
  "beep_end": 0.1331334166679881,
  "enabled": true,
  "signal_file": "10047/model_input/spells/11/exemplars/1507124434599.wav"
}