{
  "spell_id": 9,
  "manual": {
    "start": 0.4359737083346408,
    "stop": 1.9990821916033377
  },
  "beep_duration": 0.08,
  "beep_end": 0.1259737083346408,
  "enabled": true,
  "signal_file": "10047/model_input/spells/9/exemplars/1501459561322.wav"
}