{
  "spell_id": 9,
  "manual": {
    "start": 0.3524485000004643,
    "stop": 1.725221721438572
  },
  "beep_duration": 0.08,
  "beep_end": 0.1324485000004643,
  "enabled": true,
  "signal_file": "10047/model_input/spells/9/exemplars/1501458669806.wav"
}