{
  "spell_id": 9,
  "manual": {
    "start": 0.9636775416655291,
    "stop": 2.213677541665529
  },
  "beep_duration": 0.08,
  "beep_end": 0.1236775416655291,
  "enabled": true,
  "signal_file": "10047/model_input/spells/9/exemplars/1501458950941.wav"
}