{
  "spell_id": 9,
  "manual": {
    "start": 0.593149208335235,
    "stop": 2.0397720069874063
  },
  "beep_duration": 0.08,
  "beep_end": 0.123149208335235,
  "enabled": true,
  "signal_file": "10047/model_input/spells/9/exemplars/1501458006889.wav"
}