{
  "spell_id": 9,
  "manual": {
    "start": 0.6841346666683966,
    "stop": 2.0441346666683966
  },
  "beep_duration": 0.08,
  "beep_end": 0.1241346666683967,
  "enabled": true,
  "signal_file": "10047/model_input/spells/9/exemplars/1501459025847.wav"
}