{
  "spell_id": 9,
  "manual": {
    "start": 0.6038094166656083,
    "stop": 1.8338094166656083
  },
  "beep_duration": 0.08,
  "beep_end": 0.1238094166656083,
  "enabled": true,
  "signal_file": "10047/model_input/spells/9/exemplars/1501458871788.wav"
}