{
  "spell_id": 9,
  "manual": {
    "start": 0.5743601250025676,
    "stop": 1.6843601250025675
  },
  "beep_duration": 0.08,
  "beep_end": 0.1243601250025677,
  "enabled": true,
  "signal_file": "10047/model_input/spells/9/exemplars/1501458820256.wav"
}