{
  "spell_id": 9,
  "manual": {
    "start": 0.5151333333348156,
    "stop": 1.8251333333348156
  },
  "beep_duration": 0.08,
  "beep_end": 0.1251333333348157,
  "enabled": true,
  "signal_file": "10047/model_input/spells/9/exemplars/1505222168353.wav"
}