{
  "spell_id": 9,
  "manual": {
    "start": 0.6555597301136363,
    "stop": 2.3052207170320553
  },
  "beep_duration": 0.08,
  "beep_end": 0.1229963749938179,
  "enabled": true,
  "signal_file": "10047/model_input/spells/9/exemplars/1505222141142.wav"
}