{
  "spell_id": 9,
  "manual": {
    "start": 0.7237146250059595,
    "stop": 2.2537146250059594
  },
  "beep_duration": 0.08,
  "beep_end": 0.1237146250059595,
  "enabled": true,
  "signal_file": "10047/model_input/spells/9/exemplars/1505222155815.wav"
}