{
  "spell_id": 9,
  "manual": {
    "start": 0.5618956351157601,
    "stop": 1.79338704164722
  },
  "beep_duration": 0.08,
  "beep_end": 0.12338704164722,
  "enabled": true,
  "signal_file": "10047/model_input/spells/9/exemplars/1506520056436.wav"
}