{
  "spell_id": 9,
  "manual": {
    "start": 0.7008644886363637,
    "stop": 2.4184125
  },
  "beep_duration": 0.08,
  "beep_end": 0.1238220000232104,
  "enabled": true,
  "signal_file": "10047/model_input/spells/9/exemplars/1506520071906.wav"
}